id;option_name;option_value;autoload
1;matrix backing navigate;GB state Towels;Rubber
2;栋;THX Paradigm application;Mouse frictionless
3;card;桥;Sudan virtual Principal
4;withdrawal Integrated COM;Grocery program backing;Brazilian Nepal algorithm
5;Cloned;Usability Open-source Handcrafted;Portugal Austria
6;networks Web;calculating;Soft Mouse Unbranded
7;Universal;SAS;Fresh National
8;internet bi-directional;Generic;Bacon
9;Bike Interactions;De-engineered Gloves Producer;宁夏 Credit
10;firewall;Rubber;Gorgeous Concrete Lead
