id;title;content;date
1;Singapore 江苏省;../fake-data/blob/hipster.txt;2021-05-01T06:09:32
2;Orchestrator;../fake-data/blob/hipster.txt;2021-05-01T11:18:08
3;world-class Hat;../fake-data/blob/hipster.txt;2021-05-01T00:14:58
4;solutions;../fake-data/blob/hipster.txt;2021-05-01T09:27:35
5;Loan;../fake-data/blob/hipster.txt;2021-04-30T22:40:57
6;Pataca;../fake-data/blob/hipster.txt;2021-05-01T14:03:10
7;四川省 路;../fake-data/blob/hipster.txt;2021-04-30T23:26:26
8;repurpose Dominica blockchains;../fake-data/blob/hipster.txt;2021-04-30T22:21:40
9;system;../fake-data/blob/hipster.txt;2021-05-01T00:10:16
10;backing;../fake-data/blob/hipster.txt;2021-05-01T09:47:53
